,Air,Airplane,Alien,Axe,Baby,Beer,Bicycle,Bird,Blood,Book,Bowl,Brain,Butter,Cage,Camera,Car,Castle,Cat,Chain,Chainsaw,Church,Cloud,Cockroach,Community,Computer,Cross,Cup,Death,Devil,Diamond,Dragon,Duck,Dynamite,Electricity,Fence,Film,Fire,Fish,Gold,Grass,Guitar,Gun,Heart,Helicopter,Home,King,Laser,Law,Lightning,Man,Math,Medusa,Money,Monkey,Moon,Mountain,Noise,Nuke,Paper,Peace,Pit,Planet,Platimum,Poison,Police,Porcupine,Power,Prayer,Prince,Princess,Queen,Quicksand,Rain,Rainbow,Robot,Rock,Satan,School,Scissors,Sky,Snake,Spider,Sponge,Sun,Sword,T.V.,Tank,Toilet,Tornado,Train,Tree,Turnip,U.F.O.,Vampire,Video Game,Vulture,Wall,Water,Whip,Wolf,Woman
Air,null,null,chokes,null,null,stales,null,null,null,null,tips over,null,null,null,knocks over,null,null,null,tarnishes,echoes,null,null,null,null,null,null,tips over,carries smell of,chokes,scatters,freezes,null,blows out,conducts,wobbles,null,spreads,null,cools,null,-,tarnishes,feeds,tosses,null,null,weakens,scatters,conducts,null,scatters,freezes,null,null,null,chills,null,blows astray,null,null,fills,covers,cools,null,null,null,makes wind,echoes,null,null,null,escapes,creates,suspends,tarnishes,erodes,chokes,headed,null,becomes,null,null,null,cools heat of,tarnishes,headed,-,null,creates,null,null,null,chokes,null,freezes,null,buffets,evaporates,echoes,null,null
Airplane,flies through,null,spots,null,null,serves,null,null,null,null,carries,null,null,null,null,null,null,null,flies over,null,null,null,null,null,null,null,carries,can cause,scarier than,pricier than,faster than,null,flies over,uses,flies over,shows,null,null,pricier than,flies over,carries,bans,stops,outflies,null,null,carries,use Newton's third,attracts,null,pilot uses,flies over,null,null,eclipses,flies over,null,carries,null,null,flies over,travels,pricier than,null,null,null,consumes,inspires,null,null,null,flies over,flies over,flies over,piloted by,flies over,scarier than,null,null,traverses,null,null,null,null,bans,has,flies over,has,flies over,null,null,null,spots,null,in,null,flies over,has,bans,null,null
Alien,null,null,null,vaporizes,null,null,null,null,has,null,null,null,null,vaporizes,evades,null,explores,null,vaporizes,vaporizes,null,null,null,null,uses,null,null,causes,unaware of,steals,vaporizes,null,vaporizes,uses,vaporizes,null,starts,null,colored,null,null,vaporizes,dissects,vaporizes,null,null,shoots,breaks physical,shoots,null,uses advanced,vaporizes,null,null,null,terraforms,null,disarms,null,disturbs,flies over,null,colored,immune to,null,vaporizes,uses advanced,doesn't use,null,null,null,solidifies,null,null,commands,vaporizes,unaware of,vaporizes,vaporizes,from,vaporizes,null,null,flies to,vaporizes,null,vaporizes,null,dispels,null,null,null,null,null,in,vaporizes,vaporizes,null,vaporizes,null,null
Axe,flies through,terrorizes,null,null,hurts,null,chops,chops,splatters,chops,chops,cleaves,chops,null,null,chops,sieges,chops,null,null,terrorizes,creates blood,chops,clears way for,chops,chops down,null,null,null,null,null,chops,null,null,null,chops,null,chops,null,chops,chops,null,null,null,terrorizes,cleaves,null,null,null,cleaves,null,null,costs,cleaves,reflects,null,makes,null,chops,disturbs,null,changes,null,null,cleaves,chops,null,null,cleaves,cleaves,cleaves,null,null,null,null,null,null,null,null,null,chops,chops,chops,null,null,null,null,smashes,null,holds up,chops down,chops,null,beheads,null,chops,null,null,null,cleaves,cleaves
Baby,breathes,annoys,draws,null,null,spills,carried on,scares,null,tears up,eats from,has,eats,null,null,rides in,null,scares,null,null,disrupts,makes gas,eats,lives in,null,makes parents,drinks from,null,null,swallows,subdues,chases,null,null,null,on,null,eats,plays with,crawls in,ruins,null,null,null,lives in,null,null,null,null,tires,null,null,costs,null,looks at,lives on,makes,null,rips up,null,null,lives on,plays with,null,null,null,null,answers,null,null,null,null,plays in,looks at,null,null,unaware of,null,null,null,null,eats,eats,null,null,on,null,learns to use,null,rides on,up in a,throws,draws,becomes,null,null,null,drinks,null,rides on,null
Beer,null,null,chokes,rusts,null,null,null,null,null,null,null,null,null,rusts,inspires,null,null,null,rusts,affects,null,null,null,null,null,null,null,toasts,drinker is,logo has,logo has,null,soaks,conducts,sits on,null,by the,null,colored,null,null,inspires,affects,stops you driving,null,null,diffracts,breaks,logo depicts,null,measured with,chokes,null,null,null,logo has,null,survives,null,brings,fills,null,colored,can be,null,null,gives false,answers,null,null,null,floats on,despite,flavor,short-circuits,rolling,logo depicts,angers,rusts,no matter what,null,null,null,catches,rusts,sits on,stops you driving,null,after,null,null,null,invokes,null,inspires,null,on the,tastier than,inspires,null,null
Bicycle,displaces,safer than,intrigues,null,null,inspires,null,scares,null,carries,helmet is,stimulates,carries,null,null,null,null,scares,null,null,to,makes dust,runs over,across,null,travels a-,wins,null,faster than,shines like,outruns,scares,null,null,hops,in,null,runs over,wins,rides in,carries,null,stimulates,null,null,null,null,null,null,null,designed using,null,costs,null,reflects,climbs,null,null,delivers,null,null,across,uses,null,null,null,null,inspires,null,null,null,null,rides in,reflects,confuses,null,amuses,null,null,null,null,runs over,carries,null,null,on,null,has no,null,null,hits,runs over,attracts,outruns,in,null,null,splashes,null,outruns,null
Bird,breathes,flies like,intrigues,null,null,drinks,null,null,null,carries off,bathes in,has,dirties,null,null,null,null,null,null,null,perches on,flies above,eats,beautifies,null,perches on,knocks over,null,recognizes,carries off,faster than,null,null,on wire despite,flies over,on,null,eats,colored,flies over,nests in,null,has,null,null,null,dodges,null,attracts,null,doesn't need,escapes,costs,null,hunts by,lives on,null,of peace prevents,nests in,null,null,lives on,colored,null,null,null,has spiritual,in,null,null,null,null,flies above,flies over,perches on,null,recognizes,null,null,null,null,eats,carries off,null,null,on,null,doesn't use,null,null,null,null,hides from,escapes,brained,null,null,drinks,null,null,null
Blood,consumes,turns around,null,null,powers,drips in,stains,powers,null,stains,drips in,powers,stains,null,null,stains,null,powers,null,null,stains,red,powers,donations for,null,on the,drips in,null,null,null,null,powers,null,null,null,on,null,powers,null,covers,stains,null,null,null,stains,powers,null,null,null,powers,null,null,-,powers,red,null,makes no,null,stains,null,null,red,null,null,powers,powers,null,null,powers,powers,powers,null,flows like,null,null,null,null,null,null,null,null,powers,stains,null,null,on,null,fills,null,coarses like,marks,stains,null,feeds,null,powers,null,thicker than,null,powers,powers
Book,makes musty,about,about,null,null,about,null,null,null,null,about,null,null,null,null,null,null,null,starts,null,null,about,null,null,null,null,about,null,about,about,about,null,explains,about,sits on,better than,null,null,about,about,teaches,about,about the,about,null,null,about,of,about,null,teaches,about,null,null,about,about,null,about,uses,null,fills boredom,about,about,null,null,null,knowledge is,of,null,null,null,story has,blocks,depicts,about,null,about,null,null,explains,null,null,null,null,about,better than,about,entertains on,explains,null,null,null,on,null,better than,null,null,jacket resists,makes you smart,null,null
Bowl,null,null,shapes,null,null,-ing inspires,null,null,null,null,null,null,null,rattles,lensed,null,null,null,holds,splashes,null,null,null,null,null,null,bigger than,blessing transcends,blesses,holds,drowns,null,splashes,focuses,sits on,null,snuffs out,null,made of,null,null,splashes,holds,shaped,null,null,reflects,knows no,focuses,null,parabolic,drowns,null,null,null,holds food,null,encases core of,null,null,emerges from well,null,made of,holds,null,null,focuses,blesses,null,null,null,floats on,catches,reflects,splashes,made of,blesses,-ing after,splashes,shaped,null,null,null,focuses,splashes,sits on,turreted,null,shaped,null,null,null,shapes,null,-ing,null,smashes against,holds,resists,null,null
Brain,cleans,invents,outsmarts,null,null,brews,null,null,null,writes,invents,null,invents,null,null,null,null,null,null,null,builds,names,null,builds,null,envisions,invents,null,invents,desires,concocts,null,invents,conducts,builds,directs,null,null,desires,landscapes,learns,null,regulates,invents,null,null,invents,null,harnesses,null,performs,foils,desires,null,travels to,conquers,null,invents,writes,null,null,discovers,desires,null,null,null,-,writes,null,null,null,null,adapts to,replicates,invents,null,invents,null,null,conquers,null,null,like,null,null,invents,invents,invents,null,null,null,null,perceives,foils,designs,null,null,refines,null,null,null
Butter,aroma fills,helps make the food on,trips,null,null,ruins,null,null,null,stains,fills,null,null,null,null,null,null,null,greases,null,null,aroma,null,null,null,null,fills,null,disgusts,smears,disgusts,null,coats,before,stains,stains,null,null,smears,flavors,greases,greases,bad for,greases,null,null,smears,stains,survives,null,accounts use,trips,null,null,color of,popcorn,null,greases,stains,null,fills hunger,used across,smears,null,null,null,flavor,answers,null,null,null,floats on,resists,grease,trips,null,disgusts,null,null,in your eye, smears your view of,null,null,null,null,null,smears,greases,ends up in,taste,null,null,null,smears,null,ruins,null,null,resists,greases,null,null
Cage,stagnates,structure in,null,not affected by,traps,null,contains,traps,boils,has no,null,traps,has no,null,null,(rollcage) protects,more fortified than,traps,null,null,saddens,has no,traps,protects,contains,makes you,null,null,null,null,null,traps,null,null,null,has no,null,traps,null,has no,has no,null,null,null,becomes,traps,null,null,null,imprisons,null,null,costs,traps,blocks the light of,null,door makes,null,has no,keeps,null,teaches,null,null,traps,traps,null,null,traps,traps,traps,null,null,null,null,null,null,null,null,null,traps,traps,knows no,null,null,null,null,has poor,null,structure in,blocks,contains,null,traps,null,traps,null,null,null,traps,imprisons
Camera,null,captures,null,captures,captures,null,captures,captures,captures,outclasses,null,captures,captures,captures,null,captures,captures,captures,null,captures,captures,captures,captures,captures,downloads onto,captures,null,null,null,null,null,captures,null,null,null,null,captures,captures,null,null,null,null,null,null,captures,captures,null,null,null,captures,null,null,costs,captures,captures,null,makes,null,pictures use,captures,null,null,null,captures,captures,captures,null,null,captures,captures,captures,null,null,null,null,null,null,captures,captures,null,captures,captures,captures,null,null,null,null,null,null,captures,captures,captures,null,captures,null,captures,null,null,null,captures,captures
Car,pollutes,to,intrigues,null,null,has space in the boot for,faster than,hits,null,glovebox holds,carries,requires,sexier than,null,null,null,null,hits,null,null,cozier than,creates,houses,congests,null,travels a-,has holder for,null,amuses,pricier than,outruns,hits,null,null,wrecks,in,null,carries,pricier than,destroys,radio plays,null,null,null,null,null,null,null,null,null,is designed using,null,costs,null,reflects,climbs,makes,null,glovebox holds,null,null,travels,pricier than,null,null,null,null,inspires,null,null,null,null,drives in,reflects,null,null,amuses,null,null,null,null,houses,is money,null,null,can have,null,has no,null,null,hits,carries,attracts,outruns,in,null,null,coolant is,null,scares,null
Castle,displaces,pricier than,null,null,houses,has,pricier than,houses,costs,in,contains,intimidates,contains,null,null,pricier than,null,houses,null,null,taller than,in the,houses,towers over,null,taller than,contains,null,null,null,null,contains,null,null,null,in,null,contains,null,grounds have,contains,null,null,null,outclasses,houses,null,null,null,towers over,null,null,costs,houses,blocks,null,echoes,null,in,null,null,on,null,null,enlists,protects,null,null,houses,houses,houses,null,blocks,null,null,null,null,null,null,null,houses,houses,is money,null,null,null,null,has,null,pricier than,taller than,contains,null,houses,null,attracts,null,null,null,protects,towers over
Cat,breathes,rides on,allergy kills,null,null,drinks,null,chases,null,rips up,drinks from,has,licks,null,null,null,null,null,null,null,disrupts,creates dust,eats,amuses,null,acts,knocks over,null,recognizes,plays with,outruns,null,null,9 lives despite,atop,on,null,eats,colored,in,gut strings on,null,has,null,null,null,chases,null,9 lives despite,null,doesn't need,outruns,steals,null,hunts by,lives on,null,null,rips up,null,null,lives on,colored,null,null,null,has spiritual,in,null,null,null,null,hates,looks at,outruns,null,recognizes,null,null,null,null,eats,plays with,null,null,sleeps on,null,doesn't use,null,null,null,null,hides from,entertains,hair ruins,null,null,drinks,null,null,null
Chain,null,null,null,nicks,restrains,null,locks,crushes,constricts,null,null,puzzles,null,locks,holds down,holds back,locks,restrains ,null,holds down,null,null,crushes,protects,smashes,holds,null,chokes for,null,null,null,crushes,null,null,null,null,resists,smooshes,null,null,null,holds down,null,null,locks,restrains,null,guards,null,restrains,null,null,costs,restrains,null,null,clinks,null,null,keeps,null,null,null,immune to,restrains,restrains,null,null,restrains,restrains,restrains,null,null,null,null,pins down,null,locks,dulls,null,stronger than,crushes,null,reflects,nicks,null,null,null,null,holds back,around,protects,null,null,null,restrains,protects,null,outclasses,restrains,restrains
Chainsaw,null,terrorizes,null,outclasses,scares,null,destroys,scares,splatters,tears up,null,burns,splatters,cuts through,null,destroys,ruins,wounds,null,null,terrorizes,produces,dices,makes way for,gleefully ravages,chops down,null,null,null,null,null,kills,null,null,null,massacre,null,splatters,null,cuts,null,null,null,null,destroys,wounds,null,null,null,wounds,null,null,costs,kills,protects from werewolves in a full,null,makes,null,tears up,disturbs,null,null,null,more direct than,wounds,kills,null,null,wounds,wounds,wounds,null,null,null,null,null,null,destroys,outclasses,null,chops up,slices,cuts up,null,null,null,null,null,null,holds up,cuts down,dices,null,beheads,null,kills,null,null,null,wounds,wounds
Church,clears the,blesses,disbelieves,null,null,frowns on,null,null,null,teaches,has,null,blesses,null,null,null,null,null,binds like,null,null,dispells,null,null,null,null,worships with,null,renounces,collects,hunts,null,survives,uses,has,bans,null,null,collects,sits on,bans,bans,heals,bans,null,null,bans,creates,attracts,null,accounts use,hunts,null,null,blocks,atop,null,bans,program,null,threatens,across,collects,null,null,null,has healing,in,null,null,null,too big for,blocks,blocks,frowns on,null,renounces,null,null,lights up,null,null,null,null,null,on,bans,has,survives,null,null,null,disbelieves,null,bans,null,null,blesses,null,null,null
Cloud,made of,diverts,blocks ships of,null,null,rains in,null,null,null,null,rains in,null,null,null,null,null,null,null,makes rain to rust,null,null,null,null,null,null,null,rains in,indicates,indicates,over,over,null,rains on,conducts,over,ruins,null,null,over,over,adorns,too far for,metaphorically rains on,over,null,null,not affected by,knows no,brings,null,has no concept of,over,null,null,blocks,over,null,diverts,null,null,over,covers,over,null,null,null,disrupts solar,despite,null,null,null,over,produces,blocks,over,over,indicates,null,null,decorates,null,null,null,null,over,on,over,surrounds,becomes,null,null,null,blocks,null,in,null,null,contains,over,null,null
Cockroach,in,behind,crawls across,null,null,hides in,null,null,null,nests in,breathes,creeps into,amuses,null,null,null,null,null,null,null,nests in,crawls across,null,creeps into,null,creeps into,lives on,null,crawls across,lives on,despite,null,null,doesn't need,crawls across,creeps into,null,null,eats eggs of,swarms like,hides in,null,nests in,survives,null,null,hides from,null,crawls over,null,makes man a,has,has,null,nests between,stows away with,null,amuses,creeps into,null,null,nests in,amuses,null,null,null,hides from,unaware of,null,null,null,null,hides under,doesn't mind,crawls over,null,stows away with,null,null,has survival,null,null,crawls up,null,null,in your,too numerous for,nocturnal with,null,null,null,null,drinks,annoys,crawls across,null,null,crawls into,null,null,null
Community,pollutes,finances,hunts,null,null,drinks,null,null,null,library,uses,null,eats,null,null,null,null,null,null,null,builds,population,null,null,null,gathers by,uses,null,rebukes,possesses,hunts,null,uses,uses,builds,produces,null,null,possesses,gathers in,plays,null,has,funds,null,null,uses,null,survives,null,census uses,hunts,makes,null,gathers by,lives on,null,bans,news-,null,null,populates,possesses,null,null,null,uses,in,null,null,null,null,adapts to,looks at,uses,null,rebukes,null,null,pollutes,null,null,uses,null,null,watches,funds,uses,survives,null,null,null,spots,hunts,plays,null,null,pollutes,null,null,null
Computer,measures,guides,null,null,prevents,inspires,designs,depicts,boils,writes,pricier than,tires,sexier than,null,null,enhances,depicts,depicts,null,null,accounts for,depicts,houses,shrinks,null,depicts,pricier than,null,null,null,null,depicts,null,null,null,downloads,null,screensaver,null,depicts,downloads,null,null,null,in every,confuses,null,null,null,confuses,null,null,costs,enrages,depicts,null,makes,null,kills,null,null,shrinks,null,null,aids,depicts,null,null,confuses,confuses,confuses,null,null,null,null,null,null,null,null,null,depicts,houses,is time,null,null,null,null,is,null,controls,depicts,turns brain into,null,attracts,null,attracts,null,null,null,depicts,confuses
Cross,winds move,blesses,doesn't interest,null,null,adorns,null,null,null,on good,blesses,null,impales,null,null,null,null,null,null,null,atop,clears,null,null,null,null,on holy,null,denounces,jewelry holds,denounces,null,fingers before,conducts,tears down,on,null,null,made of,erected in,blesses,null,your,blesses,null,null,reflects,null,attracts,null,adds for,thwarts,costs,null,tracks on,atop,null,bans,drawn on,null,null,blesses,made of,null,null,null,represents,in,null,null,null,above,winds bring,reflects,section diagram of,null,denounces,null,null,lights up,null,null,impales,null,null,hangs over,blesses,blesses,fingers before,null,null,null,doesn't interest,thwarts,platform,null,null,blesses holy,null,null,null
Cup,null,null,shaped,splashes,null,holds,null,null,null,null,null,null,null,rattles,lensed,null,null,null,holds,splashes,null,null,null,null,null,null,null,toasts,blesses,holds,attracts,null,ears for,conducts,sits on,null,splashes,null,made of,null,null,splashes,hand over,ears for,null,null,reflects,toasts,focuses,null,for winning a tournament in,attracts,null,null,null,for climbing,null,shaped,null,null,shaped,null,made of,holds,null,null,holds holy,accompanies,null,null,null,floats on,catches,reflects,splashes,made of,blesses,for,splashes,reflects,null,null,null,reflects,commands,sits on,ears for,null,ears for,null,null,null,shaped,null,splashes,null,smashes against,holds,ears for,null,null
Death,null,null,null,carries,claims,null,crashes,claims,cools,crumbles,null,claims,spoils,inside,ruins,crashes,crumbles,claims,null,dismantles,saddens,null,claims,saddens,crashes,on the,null,null,null,null,null,claims,null,null,null,null,cools,claims,null,null,null,null,null,null,saddens,claims,null,null,null,claims,null,null,(funeral) costs,claims,null,null,rattle,null,crumbles,- rest in,null,null,null,is the result of,claims,claims,null,null,claims,claims,claims,null,null,null,null,null,null,saddens,not caused by,null,claims,claims,dries,claims,null,null,null,null,null,stops,claims,claims,null,eludes,null,feeds,knows no,null,null,claims,claims
Devil,null,null,null,weilds,possesses,null,null,null,poisons,null,null,null,null,escapes,blurs,null,has,null,breaks,weilds,null,null,null,null,hacks,null,null,after,null,null,null,null,lights,cuts,hops,null,commands,null,null,null,null,inspires,darkens,crashes,null,tempts,rewires,breaks,brings,null,quizzes,commands,null,burns,null,null,null,inspires,null,disturbs,hides in,null,null,uses,evades,sharper than,has,null,tempts,tempts,tempts,lures into,null,null,glitches,hurls,null,skips,resists,darkens,eats,null,null,curses,weilds,null,drives,null,commands,null,null,null,null,null,inspires,is soul,in the,null,cracks,null,possesses
Diamond,null,null,null,engraves,null,null,null,null,outlasts,null,null,null,null,engraves,pricier than,null,decorates,null,harder than,resists,null,null,null,null,pricier than,null,null,'till,imprisons,null,null,null,survives,withstands,harder than,null,resists,null,pricier than,null,null,resists,wins,engraves,null,adorns,diffracts,bribes,withstands,null,geometric,enthralls,null,hypnotizes,null,null,null,survives,null,disturbs,hides in,null,pricier than,resists,null,sharper than,focuses,null,adorns,adorns,adorns,hides in,null,null,pricier than,hardest,null,more desirable than,engraves,with lucy in,charms,null,null,catches,engraves,null,harder than,null,survives,null,null,null,null,null,pricier than,attracts,engraves,null,resists,null,null
Dragon,null,null,null,resists,null,null,null,null,spills,null,null,null,null,escapes,before,null,terrorizes,null,breaks,before,null,null,null,null,before,null,null,causes,commands,hoards,null,null,before,conducts,flies over,null,breathes,null,hoards,null,null,resists,-,before,null,angers,before,knows no,breathes,null,doesn't use,torches,null,torches,null,null,null,before,null,disturbs,escapes,null,hoards,breath is,null,outclasses,has,null,eats,null,angers,too big for,null,null,torches,atop,null,torches,resists,flies across,bigger than,null,null,flies across,resists,null,before,null,flies over,null,null,null,null,null,in,torches,flies over,null,torches,null,null
Duck,breathes,blocks,hides from,null,null,drinks,null,larger than,null,recipe,tips over,has,eats,null,null,null,null,intimidates,null,null,disrupts,flies in,eats,feeds,null,acts,tips over,null,doesn't interest,swallows,at the Golden,null,null,on wire despite,flies over,on,null,eats,lays egg of,nests in,ruins,null,has,null,null,null,null,null,hides from,null,doesn't need,bites,costs,null,looks at,flies over,null,null,carries off,null,null,lives on,swallows,null,null,null,null,answers,null,null,null,null,loves,looks at,flies over,null,doesn't interest,null,null,null,null,eats,eats,null,null,on,null,goes everyhere but,null,null,null,null,hides from,disgusts,hunt,null,null,drinks,null,flies from,null
Dynamite,null,null,null,explodes,explodes,null,explodes,explodes,spills,null,null,null,null,explodes,explodes,explodes,explodes,explodes,explodes,explodes,null,null,explodes,null,explodes,null,null,causes,null,null,null,explodes,null,null,null,null,starts,explodes,null,null,null,outclasses,null,null,explodes,explodes,null,breaks,null,explodes,null,null,null,explodes,null,null,makes,null,null,disturbs,creates,null,null,explodes,explodes,explodes,null,null,explodes,explodes,explodes,clears,null,null,null,explodes,null,explodes,explodes,null,explodes,explodes,null,smoke blots out,explodes,null,null,null,outclasses,explodes,explodes,explodes,null,null,null,explodes,explodes,null,explodes,explodes,explodes
Electricity,null,null,null,charges,electrocutes,null,charges,null,fries,null,null,null,null,charges,powers,short-circuits,bills,null,starts a reaction,short-circuits,null,null,null,null,short-circuits,null,null,causes,null,null,null,null,natural,null,null,null,starts,null,null,null,null,charges,null,short-circuits,bills,electrocutes,powers,has physical,produces,electrocutes,null,fries,null,electrocutes,null,null,makes,short-circuits,null,disturbs,brightens,null,null,mixes,electrocutes,fries,produces,null,electrocutes,electrocutes,electrocutes,charges,null,null,null,powers,null,bills,charges,charges,in cable,null,null,replicates,charges,null,short-circuits,null,envelops,short-circuits,null,null,null,null,null,repels,in,null,fries,null,electrocutes
Fence,null,null,null,resists,around,null,null,null,guards banks of,null,null,null,null,surrounds,confuses,null,around,null,made of,guards,null,null,null,null,around,null,null,guards from,null,null,null,null,guards,uses,null,null,surrounds,null,null,null,null,guards,saddens,guards,null,around,blocks,breaks zoning,attracts,around,height,blocks,null,blocks,null,null,null,guards,null,protects,around,null,null,resists,blocks,blocks,around,null,around,around,around,above,null,null,blocks,made of,null,around,resists,blocks,blocks,null,null,blocks,resists,null,blocks,null,survives,null,null,null,null,null,guards,blocks,forms,null,resists,null,around
Film,developer spoils,null,about,null,null,inspires,null,null,null,null,covers super,null,null,null,fills,null,null,null,shots are edited into a,null,null,null,null,null,null,null,covers world,glorifies,about,about,about,null,effects use,teaches,projected on,null,captures,null,pricier than,null,score uses,rents,has,rents,null,null,on BlueRay uses,about,about,null,teaches,features,null,null,null,set on,null,depicts,null,null,is the,entertains,pricier than,null,null,null,grants,disrupts,null,null,null,scene with,- singing in,has technicolor,about,starring the,about,null,null,earnings as high as,null,null,null,production prefers,hero uses,before,rents,in the can, but not,about,null,null,null,about,null,based on,null,projected on,coats,hero uses,null,null
Fire,null,consumes,null,melts,burns,null,burns,cooks,boils,burns,null,burns,melts,melts,null,burns,burns,burns,null,melts,burns,creates smoke,burns,threatens,burns,burns,null,null,null,null,null,cooks,null,null,null,null,null,cooks,null,burns,null,null,null,null,burns,burns,null,null,null,burns,null,null,burns,burns,(campfire) in the light of the,null,crackling,null,burns,breaks,null,null,null,boils,burns,burns,null,null,burns,burns,burns,null,null,null,null,null,null,destroys,melts,null,burns,burns,burns,null,null,null,null,null,null,burns,burns down,cooks,null,thwarts,null,burns,null,null,null,burns,burns
Fish,breathes occasional,feeds,intrigues,null,null,drinks,null,null,null,recipe,lives in,has,in,null,null,null,null,null,null,null,feeds,makes undersea,eats,feeds,null,thrown at,swims in,null,unaware of,eyes like,unaware of,null,null,dives from,swims under,on,null,null,colored,in sea,soaks,null,has,null,null,null,dodges,null,dives from,null,doesn't need,disgusts,costs,null,unaware of,in a lake by a,null,dodges torpedo,soaks,null,null,lives on,colored,null,null,null,has spiritual,answers,null,null,null,null,unaware of,(trout) has scales that look like,unaware of,null,unaware of,null,null,unaware of,null,eats,swims over,null,null,on,null,doesn't use,null,null,null,null,hides from,amuses,in,null,null,breathes,null,null,null
Gold,null,null,null,plated,null,null,null,null,outlasts,null,null,null,null,plated,pricier than,null,funds,null,-,resists,null,null,null,null,wired,null,null,outlasts,tempts,null,null,null,survives,conducts,funds,null,resists,null,null,null,null,plated,wins,funds,null,adorns,wired,bribes,conducts,null,market uses,enthralls,null,hypnotizes,null,null,null,wired,null,disturbs,hides in,null,null,resists,badged,harder than,conducts,null,adorns,adorns,adorns,hides in,null,null,plated,rarer than,null,more desirable than,plated,reflects,charms,null,null,reflects,decorates,null,funds,null,survives,null,null,null,null,null,pricier than,attracts,plated,null,resists,null,enthralls
Grass,produces,null,isn't food for,null,null,stronger than,null,null,null,null,fills,null,null,null,blurry in,null,null,null,hides,null,null,null,null,null,null,null,hides,annual despite,inspires worship of,hides,isn't food for,null,survives,conducts,overgrows,blurry in,null,null,hides,null,inspires,hides,speeds up,too rough for,null,null,too widespread for,breaks,survives,null,unlocks,is greener than,null,null,null,grows on,null,field full of protesters against,null,null,hides,covers,hides,null,null,null,brings flower,more visceral than,null,null,null,hides,loves,dew droplets make little,turns you into,overgrows,inspires,null,null,releases pollen into,null,null,null,prefers moderate,hides,inspires,gives cover from,becomes,survives,null,null,null,provides landing area for,null,inspires,null,overgrows,drinks,constructs,null,null
Guitar,null,null,intrigues,null,null,inspires,null,null,null,null,at hollywood,null,null,null,pricier than,null,null,null,breaks,sounds like,null,null,null,null,null,null,fills donation,song about,invokes,shines like,subdues,null,rallies against,uses,heard over,null,on,null,album goes,null,null,rallies against,played with,rallies against,null,null,concert uses,breaks,fingered like,null,notes use,hypnotizes,null,null,null,echoes across,null,rallies against,null,null,echoes,null,album goes,is ear,null,null,solo super,accompanies,null,null,null,floats in,notes like,song about,confuses,plays,invokes,distracts,strings resists,echoes across,null,null,null,reflects,stays,on,rallies against,null,cheers,null,null,null,group,null,sountracks,null,echoes off,echoes across,accompanies,null,null
Gun,null,null,null,outclasses,shoots,null,shoots,shoots,spills,null,null,splatters,null,shoots through,shoots at,hijacks,fires into,shoots,null,outclasses,null,null,shoots,threatens,shoots,shoots the target,null,causes,null,null,null,shoots ,null,null,null,null,uses,shoots,null,null,null,null,null,null,protects,shoots,null,breaks,null,shoots,null,null,robs,shoots,null,null,makes,null,null,disturbs,null,null,null,deadlier than,shoots,shoots,null,null,shoots,shoots,shoots,null,null,null,null,targets,null,closes,outclasses,null,shoots ,shoots,null,shoots at,outclasses,null,null,null,null,holds up,targets,blasts apart,null,uses a silver bullet to shoot,null,shoots,targets,null,outclasses,shoots,shoots
Heart,null,null,null,stays,protects,null,null,null,pumps,null,null,null,null,transcends,guides,invents eco,builds,null,my un-,bans,null,null,null,null,excels at,null,null,transcends,null,null,null,null,bans,uses bio,null,null,on,null,null,null,null,bans,null,soars like,builds,guides,surgery with,upholds,survives,guides,null,pities,null,guides,null,null,makes,bans,null,upholds,survives,null,null,bans,bolsters,outsmarts,provides,null,guides,guides,guides,rescues from,null,null,null,like a,null,excels at,guides,clears,resists,null,null,of the,stays,null,bans,null,survives,prefers,null,null,null,null,null,outsmarts,knows no,null,stays,null,guides
Helicopter,null,null,null,flies over,carries,null,faster than,faster than,gets,null,null,null,null,flies over,carries,faster than,flies over,flies over,breaks,flies over,null,null,null,null,uses,null,null,causes,null,null,null,flies over,drops,null,null,null,flies over,flies over,null,null,null,has,null,null,flies over,carries,null,imposes,null,carries,null,null,null,flies over,null,null,makes,null,null,disturbs,flies over,null,null,flies over,carries,flies over,null,null,carries,carries,carries,flies over,null,null,null,flies over,null,flies over,flies over,null,flies over,flies over,null,cloud blocks,flies over,null,null,null,flies over,faster than,flies over,flies over,null,null,null,flies over,flies over,null,flies over,flies over,carries
Home,has central,cozier than,keeps out,null,null,contains,pricier than,contains,null,contains,contains,requires,contains,null,null,pricier than,null,contains,null,null,cozier than,blocks,houses,populates,null,contains,contains,null,envied by,pricier than,blocks,yard has,null,null,has,in,null,contains,pricier than,yard has,contains,null,null,null,null,null,null,null,null,null,null,null,costs,null,blocks,atop,blocks,null,contains,null,null,on,pricier than,null,null,null,null,answers,null,null,null,null,blocks,blocks,null,null,denounces,null,null,null,null,houses,contains,null,null,has,null,has,null,cozier than,yard has,garden has,blocks,blocks,null,null,null,plumbs,null,keeps out,null
King,breathes,flies on,disbelieves,null,sires,drinks,rides,eats,null,inspires,eats from,has,eats,null,null,rides in,null,owns,null,null,funds,looks at,steps on,rules,null,erects,drinks from,null,null,null,null,eats,null,null,null,inspires,null,eats,null,walks on,outlaws,null,null,null,taxes,null,null,null,null,rules,null,null,has,null,looks at,null,outlaws,null,writes,null,null,declares flat,null,null,governs,null,null,in,rules over,rules over,rules over,null,walks in,looks at,null,null,null,null,null,null,null,steps on,owns,null,null,on,null,uses,null,rides on,owns,eats,disbelieves,could be,null,null,null,drinks,null,tames,rules
Laser,null,null,null,outlcasses,targets,null,melts,null,cooks,null,null,null,null,melts,burns,targets,targets,null,starts reaction,outclasses,null,null,null,null,backs up,null,null,causes,null,null,null,fries,outclasses,null,null,null,starts,null,null,null,null,-,null,targets,targets,targets,null,upholds,null,targets,null,null,null,fries,null,null,zap,guides,null,disturbs,lights,null,null,more exact than,helps,fries,null,null,targets,targets,targets,burns off,null,null,null,burns through,null,teaches,melts,traverses,fries,null,null,has power of,outclasses,null,targets,null,penetrates,targets,burns through,discintigrates,null,null,null,fries,burns through,null,outclasses,fries,targets
Law,null,null,null,ensures safe use of,protects,null,ensures safe use of,protects,protects,null,null,confounds,null,puts you in,restricts,protects,protects,protects,null,ensures safe use of,null,null,kills,protects,restricts,respects,null,prevents,null,null,null,protects,null,null,null,null,restricts,protects,null,null,null,null,null,null,protects,protects,null,null,null,protects,null,null,costs,protects,null,null,restricts,null,null,keeps,null,null,null,restricts,protects,protects,null,null,protects,protects,protects,null,null,null,null,set in stone,null,provides,ensures safe use of,null,protects,protects rare,cleans like,explains,restricts,null,null,null,null,protects,protects,protects,null,chases,null,protects,protects,null,restricts,protects,protects
Lightning,null,null,null,charges,scares,null,strikes,null,cooks,null,null,null,null,charges,challenges,(greased),strikes,null,starts reaction,outclasses,null,null,null,null,short-circuits,null,null,causes,null,null,null,null,ignites,null,null,null,starts,null,null,null,null,charges,null,strikes,strikes,strikes,outclasses,has physical,null,strikes,null,strikes,null,strikes,null,null,makes,short-circuits,null,disturbs,creates,null,null,deadlier than,strikes,strikes,produces,null,strikes,strikes,strikes,creates,null,null,null,splits,null,strikes,charges,decorates,strikes,null,null,storm blocks,strikes,null,strikes,null,envelops,strikes,strikes,null,null,null,null,strikes,strikes through,null,fries,null,strikes
Man,breathes,flies on,disproves,null,null,drinks,rides,flips,null,reads,eats from,has,eats,null,null,drives,null,owns,null,null,attends,looks at,steps on,lives in,null,hangs on,drinks from,null,exorcises,mines,slays,eats,null,null,null,watches,null,eats,mines,walks on,plays,null,null,null,lives in,null,null,null,null,null,null,null,spends,null,travels to,climbs,makes,null,writes,null,null,lives on,refines,null,null,null,null,in,null,null,null,null,plays in,looks at,null,null,denounces,null,null,null,null,steps on,cleans with,null,null,watches,null,uses,null,rides on,plants,eats,debunks,becomes,null,null,null,drinks,null,tames,null
Math,null,null,null,whiz sharper than,confuses,null,null,null,calculates,null,null,null,null,mental,shapes,null,measures,null,uses number,directs,null,null,null,null,on,null,null,transcends,null,null,null,null,measures,calculates,null,null,measures,null,null,null,null,test inspires,darkens,navigates,after college at,confuses,formulates,formulates,calculates,confuses,null,confuses,null,enrages,null,null,null,formulates,null,is,helps work out the angles of,null,null,measures,confuses,counts,brain,null,confuses,confuses,confuses,test like,null,null,navigates,schoolhouse,null,bores,guides,class denies,measures,null,null,calculates,measures,null,navigates,null,predicts,word problem with,null,null,null,null,null,test attracts,measures,null,whiz sharp as,null,confuses
Medusa,null,null,null,weilds,petrifies,null,before,null,freezes,null,null,null,null,escapes,before,before,terrorizes,null,breaks,before,null,null,null,null,before,null,null,causes,null,null,null,null,before,null,null,null,starts,null,null,null,null,before,null,evades,terrifies,petrifies,before,breaks,null,petrifies,null,null,null,petrifies,null,null,screeches,before,null,disturbs,lives in,null,null,deadlier than,petrifies,petrifies,craves,null,petrifies,petrifies,petrifies,plants,null,null,null,hurls,null,terrorizes,runs with,curses,head,null,null,curses,weilds,null,resists,null,hides from,before,hides behind,discards,null,null,null,petrifies,hides behind,null,cracks,null,petrifies
Money,pollutes,bankrupts,doesn't interest,null,null,imports,null,null,null,funds,fills,null,buys,null,null,null,null,null,null,null,funds,clears,null,null,null,null,fills,null,make a man,mines,enthralls,null,funds,conducts,repairs,funds,null,null,is,landscapes,buys,null,tricks,funds,null,null,funds,null,vanishes like,null,uses,bribes,null,null,funds trip to,buys,null,funds,funds news,null,-,conquers,is,null,null,null,brings,answers,null,null,null,debt is,flows like,at the end of,funds,null,brings souls to,null,null,piled up to,null,null,hires,null,null,corrupts,funds,fixes,pays for protection from,null,null,null,doesn't interest,bribes,develops,null,null,floats on,null,null,null
Monkey,breathes,flies on,infuriates,null,scares,chugs,climbs on,scares,null,rips up,smashes,has,eats,null,null,climbs on,null,scares,null,null,climbs,shrieks at,eats,irritates,null,climbs,smashes,null,null,null,null,scares,null,null,null,rips out,null,eats,null,sits on,smashes,null,null,null,climbs on,flings poop at,null,null,null,flings poop at,null,null,shreds,null,screeches at,null,makes,null,rips up,null,null,lives on,null,null,flings poop at,null,null,null,flings poop at,flings poop at,flings poop at,null,doesn't mind,glares at,null,null,null,null,null,null,null,eats,rips up,null,null,smashes,null,goes everywhere but,null,climbs on,climbs,eats,shrieks at,irritates,null,null,null,drinks,null,enrages,flings poop at
Moon,has no,null,houses,null,null,-shine stronger than,null,null,null,null,shaped like,null,null,null,null,null,null,null,far above,null,null,null,null,null,null,null,-shine in,symbolizes,terrifies,shines like,shines on,null,suffocates,has no,far above,in,null,null,colored,has no,adorns,too far for,-light walk with,too far for,null,null,too far for,has no,far above,null,lander uses,far above,null,null,null,far above,null,too far for,null,null,crater,orbits,colored,null,null,null,visit uses,shines on,null,null,null,far above,far above,far above,lander uses,is giant,confuses,null,null,adorns,null,null,null,eclipses,adorns,on,far above,has no,far above,null,null,null,houses,null,patrol,null,far above,has no,far above,null,null
Mountain,null,null,null,survives,null,null,null,null,outlasts,null,null,null,null,outlasts,challenges,null,taller than,null,is too big for,survives,null,null,null,null,outlasts,null,null,transcends,houses,contains,houses,null,survives,conducts,taller than,null,survives,null,contains,null,null,echoes,stimulates,too high for,null,challenges old,too big for,outlasts,attracts,null,height,houses,null,houses,null,null,null,survives,null,stands in,hides,null,contains,unaffected by,null,houses,represents,null,null,null,null,contains,null,null,too rough for,made of,houses,rises above,unaffected by,fills,houses,null,null,blocks,unaffected by,null,too steep for,null,bigger than,null,null,null,null,null,outlasts,houses,forms,null,echoes,null,null
Noise,permeates,disrupts,attracts,null,null,inspires,knocks over,scares,null,ruins,through,stimulates,melts,null,null,null,null,scares,null,null,disrupts,heard through,kills,annoys,null,makes you,through,null,louder than,locates,attracts,scares,null,null,heard over,track in,null,locates,locates,in,amplified,null,null,null,null,null,null,null,null,null,wave,null,fine costs,null,travels to,echoes across,null,null,heard through,null,null,heard across,locates,null,null,null,null,disrupts,null,null,null,null,heard in,spectrum,navigates,null,summons,null,null,null,null,attracts,envelops,null,null,on,null,of broken,null,null,in,locates,attracts,annoys,in,null,null,across,null,scares,null
Nuke,null,null,null,incinerates,incinerates,null,incinerates,null,incinerates,null,null,null,null,incinerates,incinerates,incinerates,incinerates,incinerates,starts reaction,incinerates,null,null,null,null,incinerates,null,null,causes,null,null,null,incinerates,outclasses,null,null,null,starts,null,null,null,null,outclasses,null,incinerates,incinerates,incinerates,null,breaks,null,incinerates,null,null,null,incinerates,null,null,makes,null,null,breaks,emerges from,null,null,incinerates,incinerates,incinerates,null,null,incinerates,incinerates,incinerates,incinerates,null,null,null,incinerates,null,incinerates,incinerates,poisons,incinerates,null,null,has power of,incinerates,null,incinerates,null,outclasses,incinerates,incinerates,incinerates,null,null,null,incinerates,incinerates,null,incinerates,incinerates,incinerates
Paper,fans,-,disproves,null,null,label on,null,null,null,null,mache,null,null,null,null,null,null,null,-,null,null,fans,null,null,null,null,-,null,rebukes,receipt for,rebukes,null,encases,defines,thrown over,reviews,null,null,note for,covers,wraps,outlaws,cutout of,about,null,null,defines,explains,defines,null,tests,about,null,null,-,pile,null,defines,null,null,covers,about,note for,null,null,null,about,contains,null,null,null,floats on,blocks,cutout of,describes,covers,rebukes,null,null,confetti fills,null,null,null,null,wraps,more info than,about,cover on,predicts,null,null,null,disproves,null,label for,null,null,floats on,wraps,null,null
Peace,cleans,protects,null,null,protects,null,protects,protects,spills no,inspires,cleans,of mind calms,purifies,null,null,protects,protects,protects,null,null,be with you,clears,protects,protects,cleans up,be with you,cleans,null,null,null,null,protects,null,null,null,allows,null,protects,null,protects,inspires,null,null,null,protects,comforts,null,null,null,comforts,null,null,saves,protects,by the light of,null,without,null,inspires,null,null,saves,null,null,keeping,protects,null,null,comforts,comforts,comforts,null,null,null,null,null,null,null,null,null,protects,protects,cleanses like,null,null,null,null,cleans,null,protects,chops down,nurtures,null,bores,null,protects,null,null,null,protects,comforts
Pit,null,null,null,swallows,swallows,null,swallows,swallows,contains,null,null,swallows,null,becomes,swallows,swallows,protects,swallows,swallows,swallows,null,null,houses,threatens,swallows,swallows,null,causes,null,null,null,swallows,null,null,null,null,contains,contains,null,null,null,swallows,null,null,wrecks,swallows,null,knows no,null,swallows,null,null,null,swallows,null,null,echoes,null,null,disturbs,null,null,null,engulfs,swallows,swallows,null,null,swallows,swallows,swallows,null,null,null,null,swallows,null,endangers,swallows,null,swallows,houses,null,removes,swallows,null,null,null,null,wrecks,prevents,swallows,null,null,null,swallows,protects,null,too deep for,swallows,swallows
Planet,null,null,houses,null,null,drinks,null,null,null,null,decorates,null,null,null,too big for,null,null,null,supports food,survives,null,null,null,null,null,null,decorates,renews,rebukes,creates,rebukes,null,survives,conducts,builds,null,mantle contains,null,creates,null,reveres,survives,has many,survives,null,null,survives,above our,supports,null,orbit uses,rebukes,null,null,null,supports,null,survives,null,null,crater is,null,creates,null,null,null,has untold,in,null,null,null,supports,develops,diverse as,uses,supports,rebukes,goes to,uses,supports,null,null,null,orbits,survives,watches,survives,null,supports,null,null,null,houses,null,plays,null,supports,supports,moves faster than,null,null
Platimum,null,null,null,decorates,null,null,null,null,outlasts,null,null,null,null,coated,pricier than,null,funds,null,-,resists,null,null,null,null,wired,null,null,outlasts,tempts,null,null,null,survives,conducts,funds,null,resists,null,pricier than,null,null,decorates,wins,decorates,null,adorns,wired,bribes,conducts,null,market uses,enthralls,null,hypnotizes,null,null,null,wired,null,disturbs,hides in,null,null,resists,badged,harder than,conducts,null,adorns,adorns,adorns,hides in,null,null,wired,rarer than,null,more desirable than,coated,reflects,charms,null,null,reflects,decorates,null,wired,null,survives,null,null,null,null,null,pricier than,attracts,decorates,null,resists,null,null
Poison,can be spread through,endangers,null,on,kills,null,kills,kills,targets,in,null,kills,in,faster than,null,impairs use of,endangers,kills,null,null,endangers,in acid rain,kills,endangers,short-circuits,brings red,null,null,null,null,null,kills,null,null,null,inspires,null,kills,null,kills,null,null,null,null,endangers,kills,null,null,null,kills,null,null,costs,kills,by the light of,null,makes no,null,soaks,ruins,null,endangers,null,null,kills,kills,null,null,kills,kills,kills,null,null,null,null,null,null,null,null,null,kills,kills,in,null,null,null,null,on,null,endangers,kills,in,null,knocks out,null,kills,null,null,null,kills,kills
Police,breathes,flies on,disbelieves,null,saves,drinks,recovers,eats,null,throws the,eats from,has,eats,null,null,impounds,null,saves,null,null,patrols,looks at,steps on,protects,null,acts,drinks from,null,null,recovers,disbelieves in,eats,null,null,null,inspires,null,eats,null,walks on,recovers,null,null,null,protects,null,null,null,null,arrests,null,null,recovers,null,looks at,climbs,arrests makers of,null,files,null,null,lives on,null,null,null,null,null,has a,null,null,null,null,works in,looks at,null,null,disbelieves in,null,null,null,null,steps on,cleans with,null,null,on,null,uses,null,commandeers,climbs,eats,disbelieves,could be,null,null,null,drinks,null,tranquilizes,arrests
Porcupine,breathes,terrorizes,null,null,pricks,spills,punctures tires of,pricks,null,shreds,tips over,has,licks,null,null,punctures tires of,null,pricks,null,null,scurries into,makes fart,eats,annoys,null,makes you,tips over,null,null,null,null,pricks,null,null,null,tears,null,eats,null,eats,sleeps in,null,null,null,scurries into,pricks,null,null,null,pricks,null,null,shreds,pricks,hunts by,null,makes no,null,shreds,null,null,lives on,null,null,pricks,null,null,null,pricks,pricks,pricks,null,hunts despite,looks at,null,null,null,null,null,null,null,eats,catches,null,null,on,null,scrubs,null,creeps onto,lives in a,eats,null,pricks,null,pricks,null,drinks,null,pricks,pricks
Power,null,null,null,gives you the,electrocutes,null,outperforms,null,sacrifices,null,null,null,null,imposes,charges,plant in,seiges,null,struggle food,clears with,null,null,null,null,crashes,null,null,of life and,null,null,null,cooks,plants,null,null,null,to,null,null,null,null,play with,null,deploys,lights,overthrows,charges,imposes,null,corrupts,null,null,null,fries,null,null,makes,charges,null,breaks,lights,null,null,assissinates with,governs,fries,null,null,supplants,supplants,overthrows,clears,null,null,null,moves,null,superintends,charges,lines clutter,hungry,null,null,of,weilds,null,engages,null,plant survives,runs,consumes,cooks,null,null,null,hungry,in,null,cracks,null,corrupts
Prayer,null,null,null,against,null,null,null,null,calms,null,null,null,null,in,not captured on,null,in,null,breaks,against,null,null,null,null,salvages,null,null,against,casts out,for,subdues,null,against,for low,knows no,null,against,null,for,null,null,against,heals,against,null,null,more accurate than,for fair,faster than,null,for,dispels,null,confuses,null,atop,null,against,null,brings,in,null,for,heals,null,protects like,is spiritual,null,null,null,null,solidifies,null,null,routine like,atop,casts out,starts,for sharp,to,rebukes,null,null,for,against,null,against,null,against,null,null,null,null,null,to win,dispels,knows no,null,against,null,null
Prince,breathes,flies on,disbelieves,null,sires,drinks,rides,eats,null,inspires,eats from,has,eats,null,null,rides in,null,owns,null,null,attends,looks at,steps on,rules,null,wears,drinks from,null,null,null,null,eats,null,null,null,inspires,null,eats,null,walks on,plays,null,null,null,lives in,null,null,null,null,rules,null,null,has,null,looks at,climbs,makes,null,writes,null,null,lives on,null,null,governs,null,null,in,null,rules over,null,null,walks in,looks at,null,null,of darkness is,null,null,null,null,steps on,owns,null,null,on,null,uses,null,rides on,owns,eats,disbelieves,could be,null,null,null,drinks,null,tames,rules
Princess,breathes,flies on,disbelieves,null,has,drinks,rides,eats,null,inspires,eats from,has,eats,null,null,rides in,null,owns,null,null,attends,looks at,steps on,rules,null,acts,drinks from,null,null,null,subdues,eats,null,null,null,inspires,null,eats,null,walks on,plays,null,null,null,lives in,null,null,null,null,rules,null,null,has,null,looks at,climbs,makes,null,writes,null,null,lives on,null,null,governs,null,null,in,null,null,null,null,walks in,looks at,null,null,enthralls,null,null,null,null,steps on,owns,null,null,on,null,uses,null,rides on,owns,eats,disbelieves,could be,null,null,null,drinks,null,tames,rules
Queen,breathes,flies on,disbelieves,null,has,drinks,rides,eats,null,inspires,eats from,has,eats,null,null,rides in,null,owns,null,null,funds,looks at,steps on,rules,null,erects,drinks from,null,null,null,null,eats,null,null,null,inspires,null,eats,null,walks on,rocks,null,null,null,taxes,null,null,null,null,rules,null,null,has,null,looks at,bosom is,outlaws,null,writes,null,null,lives on,null,null,governs,null,null,in,rules over,rules over,null,null,walks in,looks at,null,null,null,null,null,null,null,steps on,owns,null,null,on,null,uses,null,rides on,owns,eats,disbelieves,could be,null,null,null,drinks,null,tames,rules
Quicksand,null,null,null,swallows,swallows,null,swallows,swallows,suffocates,null,null,swallows,null,surrounds,swallows,swallows,protects,swallows,swallows,swallows,null,null,swallows,threatens,swallows,null,null,causes,null,null,null,swallows,null,null,null,null,engulfs,swallows,null,null,null,swallows,null,null,ruins,swallows,null,knows no,null,swallows,null,null,null,swallows,null,null,engulfs,null,null,disturbs,becomes,null,null,engulfs,swallows,swallows,null,null,swallows,swallows,swallows,null,null,null,null,swallows,null,closes,swallows,null,swallows,swallows,null,removes,swallows,null,null,null,null,ruins,topples,swallows,null,null,null,swallows,protects,null,too big for,swallows,swallows
Rain,null,null,drowns,rusts,null,null,null,null,null,null,null,null,null,rusts,ruins,null,null,null,rusts,thwarts use of,null,null,null,null,short-circuits,null,null,makes lonely,drowns,cleans,drowns,null,soaks,conducts,rusts,null,douses,null,cleans,null,null,rusts,saddens,diverts,null,null,diffracts,soaks papers explaining,brings,null,measured with,drowns,null,null,null,on the,null,diverts,null,disturbs,fills,null,cleans,acidic,null,null,blacks out,answers,null,null,null,creates,null,creates,short-circuits,erodes,drowns,closes,rusts,darkens,null,null,null,blocks,rusts,inspires,falls on,null,brings,null,null,null,diverts,null,inspires,null,leaks through,made of,soaks,null,null
Rainbow,null,null,intrigues,resists,null,null,null,null,after,null,null,null,null,beyond,challenges,null,over,null,color,over,null,null,null,null,colored,null,null,despite,irritates,indicates,over,null,over,wired,over,null,over,null,points to,null,null,resists,cheers,over,null,null,colored,despite,after,null,optics use,irritates,null,null,null,over,null,after,null,indicates,over,null,points to,resists,null,null,-,enhances,null,null,null,over,null,null,over,over,irritates,over,colored,decorates,colored,null,null,diffracts,over,null,over,null,after,null,null,null,attracts,null,colored,null,hits,null,sharp as a,null,null
Robot,null,null,null,carries,carries off,null,null,null,has no,null,null,null,null,bends bars of,has,builds,explores,null,breaks,carries,null,null,null,null,uses,null,null,knows no,null,null,null,null,throws,uses,null,null,resists,null,null,null,null,fires,envies,pilots,enhances,frightens,shoots,three,shoots,overthrows,null,tramples,null,scares,null,null,null,launches,null,disturbs,climbs out of,null,null,resists,tramples,steps on,consumes,null,frightens,frightens,frightens,detects,null,null,null,hurls,null,tramples,carries,pollutes,steps on,null,null,reflects,carries,null,pilots,null,chases,builds,null,null,null,null,null,resists,smashes through,null,resists,null,carries off
Rock,null,null,null,chips,crushes,null,crushes,hits,contains,crushes,null,crushes,splatters,crushes the lock of,smashes,smashes windows of,builds,crushes,null,dulls,smashes windows of,null,squishes,solid,crushes,supports,null,indicates,null,null,null,hits,null,null,null,null,pounds out,smooshes,null,null,null,null,null,null,builds,crushes,null,null,null,crushes,null,null,(rare) costs,crushes,null,null,grinds,null,null,marks eternal,null,null,null,smashes bottles of,crushes,crushes,null,null,crushes,crushes,crushes,null,null,null,null,null,null,smashes windows of,smashes,null,crushes,squishes,crushes,shades,null,null,null,null,null,blocks,blocks the roots of,blocks the roots of,null,encases,null,hits,builds,null,null,crushes,crushes
Satan,null,null,null,laughs at,null,null,null,null,poisons,null,null,null,null,escapes,evades,null,has,null,breaks the,evades,null,null,null,null,laughs at,null,null,after,commands,likes king,commands,null,laughs at,doesn't need,knows no,null,commands,null,tempts with,null,null,laughs at,darkens,laughs at,null,possesses,laughs at,knows no,brings,null,good at,commands,null,owns,null,null,null,laughs at,null,prevents,commands,null,tempts with,laughs at,null,sharper than,has,null,null,null,possesses,dispels,null,null,laughs at,hurls,null,enthralls,laughs at,darkens,is,null,null,curses,laughs at,null,laughs at,null,commands,null,null,null,null,null,inspires,is soul,knows no,null,cracks,null,null
School,null,teaches about,null,makes you sharper,teaches,null,teaches,teaches about,teaches about,has,null,nourishes,kitchen has,is a,null,teaches how to use,teaches about,teaches about,null,null,ignores,teaches about,houses,educates,uses,bans,null,null,null,null,null,teaches about,null,null,null,shows,null,teaches about,null,yard has,null,null,null,null,away from,teaches about,null,null,null,teaches,null,null,lunch,teaches about,teaches about,null,bell makes,null,makes you write,requires,null,null,null,teaches about,trains,teaches about,null,null,teaches about,teaches about,teaches about,null,null,null,null,null,null,null,children use,null,teaches about,houses,kitchen has,null,null,null,null,has,null,makes your brain,yard has,teaches about,null,play about,null,teaches about,null,null,null,teaches about,teaches
Scissors,swish through,alert security team of,null,sharper than,cut the hair of,null,stab tyres of,stab,spurt,cut up,null,stab,spread,pick lock of,null,stab tyres of,carve into,cut hair of,null,null,carve into,swish through,stab,cut hair of,stab,carve into,null,null,null,null,null,stab,null,null,null,cut,null,gut,null,cut,null,null,null,null,carve into,cut the hair of,null,null,null,cut the hair of,null,null,cut up,cut,reflect,null,make snipping,null,cut,used as a weapon, ends the,null,null,null,more direct than,cut the hair of,stab,null,null,cut the hair of,cut the hair of,cut the hair of,null,null,null,null,null,null,null,null,null,stab the keys of,stab,cut up,null,null,null,null,clog,null,trim dress,carve into,cut,null,impale,null,stab,null,null,null,cut hair of,cut the hair of
Sky,null,null,null,above,above,null,above,above,above,null,null,null,null,evades,challenges,above,above,above,above,above,null,null,null,null,above,null,null,transcends,null,null,null,above,above,null,null,null,above,null,null,null,null,above,null,above,above,above,null,is limit of,null,above,null,null,null,above,null,null,makes no,null,null,at,evades,null,null,above,above,above,null,null,above,above,above,above,null,null,null,above,null,above,above,null,above,null,null,surrounds,above,null,above,null,houses,above,above,above,null,null,null,above,above,null,above,above,above
Snake,breathes,on a,null,null,scares,spills,entangles,eats eggs of,poisons,swallows,sleeps in,intimidates,eats,null,null,creeps into,null,bites,null,null,creeps into,not affected by,eats,terrorizes,null,climbs,tips over,null,null,null,null,eats eggs of,null,null,null,inspires,null,eats,null,in the,hides in,null,null,null,creeps into,bites,null,null,null,bites,null,null,swallows,bites,nocturnal with,null,rattles,null,nests in,null,null,lives on,null,null,bites,scares,null,null,bites,bites,bites,null,hunts despite,null,null,null,null,null,null,null,null,eats,swallows,null,null,null,null,hides in,null,terrorizes,climbs,swallows,null,charms,null,hides from,null,drinks,null,bites,bites
Spider,breathes,creeps into,intrigues,null,null,in your,null,null,null,behind,hides under,has,crawls across,null,null,null,null,null,null,null,creeps into,web like,bigger than,frightens,null,crawls up,crawls into,null,amuses,eyes like,amuses,null,null,hides from,crawls over,on,null,null,colored,in,hides in,null,has,null,null,null,dodges,null,hides from,null,doesn't need,amuses,costs,null,lives by,lives on,null,survives,crawls across,null,null,lives on,web like,null,null,null,cause fear, so has,despite,null,null,null,null,doesn't mind,unaware of,crawls over,null,amuses,null,null,unaware of,null,null,nests in,null,null,crawls across,creeps into,hides in,null,null,null,null,undetected by,entertains,in,null,null,drinks,null,null,null
Sponge,uses pockets of,cleans,intrigues,null,null,absorbs,null,null,null,soaks,cleans,null,sops up,null,null,null,null,null,cleans,null,cleans,denser than,null,null,null,null,cleans,null,cleanses,cleans,cleanses,null,soaks,conducts,cleans,cleans,null,null,cleans,sits on,cleans,cleans,has no,cleans,null,null,cleans,null,conducts,null,doesn't use,cleanses,null,null,looks like,pile,null,cleans,soaks,null,cleans,lives on,cleans,null,null,null,has cleaning,answers,null,null,null,floats on,absorbs,creates,cleans,null,cleanses,null,null,cleans,null,null,null,null,null,bob on,cleans,cleans,cleans after,null,null,null,cleans,null,cleans,null,null,absorbs,null,null,null
Sun,null,above,null,melts,warms,null,shines on,warms,warms,shines in,null,warms,melts,heats,ruins,shines on,shines on,warms,null,warms the person holding,shines on,burns off,warms,warms,cooks,shines on,null,null,null,null,null,warms,null,null,null,null,made of,warms,null,null,null,null,null,null,warms,warms,null,null,null,warms,null,null,saves,warms,null,null,makes no,null,shines through,embodies,null,null,null,not affected by,warms,warms,null,null,warms,warms,warms,null,null,null,null,null,null,shines on,melts,null,warms,warms,dries up,null,null,null,null,null,null,shines on,feeds,feeds,null,kills,null,warms,null,null,null,warms,warms
Sword,null,null,null,outclasses,stabs,null,punctures tyres of,stabs,spills,null,null,chops up,spreads,picks,chops,punctures tyres of,protects,dices,null,faster than,defends,null,juliennes,protects,smites,serves,null,causes,null,null,null,stabs,null,null,null,null,(flaming) has,guts,null,null,null,null,null,null,protects,slays,null,null,null,stabs,null,null,costs,stabs,null,null,makes,null,null,breaks,null,null,null,faster than,stabs,stabs,null,null,slays,slays,slays,null,null,null,null,in the stone, nevermind a,null,terrorizes,outclasses,null,chops up,minces,chops,reflects,null,null,null,null,null,unhooks cars from,carves,cuts up,null,impales,null,stabs,scars,null,null,slices,stabs
T.V.,null,null,debunks,show,null,null,null,null,null,null,null,null,null,turns room into,-,null,about,null,stolen despite,airs,null,null,null,null,before,null,null,glorifies,inspires,sharp as,about,null,character says,uses,broadcast over,null,reports,null,wires are,null,null,glorifies,bad for,news,null,null,media uses,regulators make,attracts,null,tech uses,about,null,null,null,broadcast over,null,about,null,disturbs,is the,null,wires are,is,null,null,consumes,delivers,null,null,null,time,null,color,before,airs,about,teaches,resists,replaces,run by,null,null,about,about,null,guides,null,predicts,null,null,null,debunks,null,before,null,hangs on,null,sharp as a,null,null
Tank,null,null,null,outclasses,squashes,null,flattens,squashes,spills,null,null,null,null,smashes through,crushes,flattens,seiges,squashes,breaks,outclasses,null,null,null,null,flattens,null,null,brings,null,null,null,squashes,resists,null,null,null,resists,squooshes,null,null,null,has,null,outclasses,flattens,squashes,null,imposes,null,squashes,null,null,null,squishes,null,null,makes,null,null,breaks,creates,null,null,more direct than,outclasses,squashes,null,null,squashes,squashes,squashes,plows over,null,null,null,crumbles,null,crumbles,crushes,null,flattens,null,null,cloud blocks,outclasses,null,null,null,survives,barrels though,knocks down,pulverizes,null,null,null,attracts,crumbles,null,outclasses,squashes,squashes
Toilet,spoils,null,confuses,null,null,soon contains,null,null,null,null,-,null,null,null,flushes,null,null,null,uses,resists,null,null,null,null,null,null,holds more than,smells of,smells like,hides,confuses,null,stinkier than,conducts,can be,null,douses,null,contains,null,-mouthed,resists,good for,need diverts,null,null,reflects,flushes,attracts,null,easier than,less stinky than,null,null,null,holds,null,smells like,null,null,is the,pollutes,colored,null,null,null,has stink,answers,null,null,null,contains,catches,reflects,confuses,hard as,smells of,null,null,stinks,null,null,null,better without,resists,less offensive than,-,null,survives,null,null,null,holds,null,disrupts,null,more legal than,uses,resists,null,null
Tornado,null,null,null,sweeps away,sweeps away,null,sweeps away,sweeps away,spills,null,null,confounds,null,sweeps away,challenges,sweeps away,destroys,sweeps away,breaks,sweeps away,null,null,wrecks home of,null,destroys,null,null,causes,null,null,null,sweeps away,null,null,null,null,starts,sweeps away,null,null,null,sweeps away,null,null,destroys,sweeps away,null,knows no,null,sweeps away,null,null,null,sweeps away,null,null,makes,null,null,disturbs,is air,null,null,sweeps away,sweeps away,sweeps away,null,null,sweeps away,sweeps away,sweeps away,outclasses,null,null,null,sweeps away,null,destroys,sweeps away,null,sweeps away,sweeps away,null,blocks,sweeps away,null,null,null,null,derails,sweeps away,sweeps away,null,null,null,sweeps away,destroys,null,sweeps away,sweeps away,sweeps away
Train,pollutes,safer than,intrigues,null,null,sells,faster than,scares,null,contains,carries,requires,contains,null,null,faster than,null,scares,null,null,cozier than,creates,houses,serves,null,travels a-,carries,null,amuses,pricier than,outruns,scares,null,null,crashes through,in,null,contains,pricier than,whizzes through,carries,null,null,null,null,null,null,null,null,null,null,null,costs,null,reflects,climbs,makes,null,contains,null,null,travels,pricier than,null,null,null,null,answers,null,null,null,null,blocks,reflects,null,null,amuses,null,null,null,null,houses,carries,null,null,has,null,has,null,null,around,contains,attracts,outruns,in,null,null,plumbs,null,scares,null
Tree,produces,diverts,ensnares the ship of,null,null,inspires,null,houses,null,creates,wood creates,has no,outlasts,null,null,null,null,traps,null,null,shades,blocks,shelters,beautifies,null,builds,wood creates,null,imprisons,roots hide,shelters,shelters,null,conducts,taller than,in,null,shelters,roots hide,grows in,wood creates,null,has no,null,null,null,null,null,null,null,doesn't need,null,doesn't grow,null,blocks,grows on,null,null,creates,null,null,grows on,roots hide,null,null,null,null,shelters,null,null,null,null,loves,blocks,taller than,null,imprisons,null,null,null,null,houses,outlives,null,null,on,null,becomes,null,null,null,taller than,ensnares,hides,wiser than,null,null,drinks,null,shelters,null
Turnip,odorizes,in the meal on,disgusts,null,null,falls in,null,thrown at,null,recipe,stains,has no,in,null,null,null,null,thrown at,null,null,thrown at,gas,squashes,feeds,null,roots form,stains,null,disgusts,roots hide,thrown at,thrown at,null,conducts,grows along,stains,null,simpler than,roots hide,grows in,thrown at,null,good for,null,null,null,null,null,hides from,null,doesn't need,null,costs,null,grows despite,grows on,null,null,stains,null,null,grows on,roots hide,null,null,null,null,answers,null,null,null,null,loves,flavor,thrown at,null,disgusts,null,null,null,null,squashes,tastier than,null,null,thrown at,null,ends up in,null,null,null,null,thrown at,thrown at,healthier than,null,null,drinks,null,thrown at,null
U.F.O.,null,null,carries,resists,null,null,null,null,collects,null,null,null,null,evades,evades,null,flies over,null,vaporizes,resists,null,null,null,null,uses,null,null,causes,unaware of,uses,spies on,null,resists,uses,flies over,null,starts,null,made of,null,null,resists,abducts,evades,null,null,shoots,breaks physical,shoots,null,uses advanced,outclasses,null,null,null,flies over,null,steals,null,disturbs,flies over,null,made of,resists,null,vaporizes,uses advanced,despite,null,null,null,flies over,null,null,commands,vaporizes,unaware of,flies over,resists,flies across,abducts,null,null,flies to,resists,null,flies over,null,flies over,null,null,null,null,null,in,null,flies over,null,resists,null,null
Vampire,breathes,flies on,before,null,null,seduces with,null,null,null,in,discards,null,discards,null,null,null,null,null,escapes,null,angers,prefers,null,null,null,null,discards,null,defines,seduces with,outlives,null,survives,conducts,flies over,in,null,null,owns,walks on,plays,null,has immortal,flies,null,null,survives,null,resists,null,teaches,outlives,null,null,lives by,flies over,null,survives,writes on,null,lives in,legendary across,owns,null,null,null,has great,laughs at,null,null,null,flies over,stalks in,never sees,before,null,defines,null,null,flies in,null,null,discards,null,null,on,survives,uses,flies in,null,null,null,before,null,in,null,null,discards,null,null,null
Video Game,null,null,null,has,confuses,null,null,null,glorifies,null,null,null,null,mental,has many angles from,null,before,null,has,has,null,null,null,null,on,null,null,restarts after,null,null,null,null,has,uses,null,null,catches,null,null,null,null,uses,affects,has,clutters,has,has,breaks fcc,attracts,entertains,code uses,confuses,null,stars,null,null,null,has,null,disturbs,mental,null,null,mental,distracts,resists,consumes,null,has,has,has,mental,null,null,turns you into,soundtrack is,null,after,more fun than,simulates,cables,null,null,replaces,has,null,has,null,graphics,null,null,null,null,null,null,sold by,simulates,null,has,null,entertains
Vulture,breathes,flies like,null,null,eats,spills,flies over,is large,null,tears up,tips over,has,eats,null,null,flies over,null,eats,null,null,flies over,flies above a,eats,annoys,null,perches on,tips over,null,null,null,null,larger than,null,null,null,shreds,null,eats,null,lands in,scratches,null,null,null,flies over,eats,null,null,null,eats,null,null,carries off,eats,hunts by,null,makes no,null,tears up,null,null,lives on,null,null,eats,null,null,null,eats,eats,eats,null,hunts despite,looks at,null,null,null,null,null,null,null,eats,carries off,null,null,on,null,doesn't need,null,flies over,flies over,flies over,spots,delivers to,null,null,null,drinks,null,eats,eats
Wall,null,null,null,resists,blocks,null,blocks,blocks,shelf holds,shelf holds,null,challenges,shelf holds,creates,blocks,blocks,supports,blocks,null,too thick for,supports,outlasts,houses,surrounds,(firewall) protects,supports,null,null,null,null,null,blocks,null,null,null,null,blocks,blocks,null,null,null,null,null,null,supports,blocks,null,null,null,blocks,null,null,costs,blocks,null,null,blocks,null,shelf holds,prevents,null,null,null,not affected by,blocks,blocks,null,null,blocks,blocks,blocks,null,null,null,null,null,null,supports,shelf holds,null,blocks,houses,too big for,shades,null,null,null,null,null,blocks,blocks roots of,blocks roots of,null,blocks,null,blocks,null,null,null,blocks,blocks
Water,null,null,toxic to,rusts,null,null,null,null,null,null,null,null,null,rusts,ruins,null,floods,null,rusts,floods,null,null,null,null,short-circuits,null,null,causes,drowns,cleans,drowns,null,soaks,conducts,rises over,null,douses,null,cleans,null,null,rusts,strengthens,short-circuits,null,null,diffracts,has,attracts,null,measured with,drowns,null,null,null,rains on,null,short-circuits,null,inspires,fills,null,cleans,dilutes,null,null,creates hydro,answers,null,null,null,floats on,null,creates,short-circuits,erodes,drowns,leak closes,rusts,reflects,null,null,null,reflects,rusts,damages,short-circuits,null,spout,null,null,null,diverts,null,damages,null,cleans,null,soaks,null,null
Whip,null,null,null,snags,scares,null,snags,kills,spills,null,null,intimidates,null,opens,shatters,smashes,breaks into,scares,null,snags,frightens,null,splatters,threatens,smashes,forces you onto,null,causes,null,null,null,kills,null,null,null,null,burns like,kills,null,null,null,null,null,null,breaks into,tortures,null,null,null,tortures,null,null,robs,cracks,null,null,restricts,null,null,disturbs,null,null,null,shatters bottles of,thwarts,scares,null,null,tortures,tortures,tortures,null,null,null,null,shatters,null,terrorizes,snags,null,stronger than,splatters,rips,burns like,snags,null,null,null,null,holds up,around,splatters,null,thwarts,null,scares,marks up,null,null,drives,tortures
Wolf,breathes,howls at,chases,null,null,drinks,null,chases,null,rips up,drinks from,has,eats,null,null,null,null,chases,null,null,disrupts,creates dust,eats,frightens,null,acts,knocks over,null,bites,swallows,outruns,null,null,outruns,hops,on,null,eats,swallows,in,bites,null,has,null,null,null,null,null,outruns,null,doesn't need,outruns,steals,null,howls at,lives on,null,null,rips up,null,null,lives on,swallows,null,null,null,has,causes,null,null,null,null,loves,howls at,outruns,null,bites,null,null,null,null,eats,rips up,null,null,on,null,doesn't use,null,null,null,null,hides from,amuses,ravages,null,null,drinks,null,null,null
Woman,breathes,flies on,disproves,null,has,drinks,rides,owns,null,reads,eats from,has,eats,null,null,drives,null,owns,null,null,attends,looks at,steps on,lives in,null,acts,drinks from,null,null,wears,tempts,eats,null,null,null,watches,null,owns,null,walks on,plays,null,null,null,lives in,null,null,null,null,tempts,null,null,spends,null,aligns with,climbs,makes,null,writes,null,null,lives on,hair colored,null,null,null,null,in,null,null,null,null,walks in,looks at,null,null,enthralls,null,null,null,null,steps on,cleans with,null,null,watches,null,uses,null,rides on,plants,eats,debunks,becomes,null,null,null,drinks,null,tames,null
